type,code,name,ISIN,start,market,group,CFI
股票,2615,f海,TW0002615002,5/16/1996,上市,航\I,ESVUFR
股票,9914,美利_,TW0009914002,9/30/1992,上市,其他I,ESVUFR
股票,2371,大同,TW0002371002,2/9/1962,上市,CC械,ESVUFR
股票,2618,Ls航,TW0002618006,9/17/2001,上市,航\I,ESVUFR
股票,1503,士,TW0001503001,12/15/1969,上市,CC械,ESVUFR
股票,3013,晟,TW0003013009,9/16/2002,上市,X及LOI,ESVUFR
股票,3550,f,TW0003550000,11/10/2010,上市,子零M件I,ESVUFR
股票,2707,晶A,TW0002707007,3/9/1998,上市,^光事I,ESVUFR
股票,6278,台表科,TW0006278005,8/24/2010,上市,光I,ESVUFR
股票,2358,廷鑫,TW0002358009,12/18/1996,上市,其他I,ESVUFR
股票,3579,尚志,TW0003579009,12/23/2009,上市,半wI,ESVUFR
股票,2613,中,TW0002613007,1/20/1995,上市,航\I,ESVUFR
股票,2492,A新科,TW0002492006,9/17/2001,上市,子零M件I,ESVUFR
股票,3004,S_科,TW0003004008,2/25/2002,上市,F工I,ESVUFR
股票,6209,今光,TW0006209000,11/8/2004,上市,光I,ESVUFR
股票,2438,翔耀,TW0002438009,9/11/2000,上市,光I,ESVUFR
股票,3682,太,TW0003682001,8/5/2013,上市,通信W路I,ESVUFR
股票,3518,柏v,TW0003518007,11/28/2007,上市,其他子I,ESVUFR
股票,3706,神_,TW0003706008,9/12/2013,上市,X及LOI,ESVUFR
股票,5906,台南-KY,KYG8661M1078,10/24/2011,上市,Q易百I,ESVUFR
股票,2359,所_T,TW0002359007,12/19/1996,上市,其他子I,ESVUFR
股票,1773,僖,TW0001773000,2/27/2009,上市,化W工I,ESVUFR
股票,5469,瀚宇博,TW0005469001,8/25/2003,上市,子零M件I,ESVUFR
股票,1721,三晃,TW0001721009,5/16/1996,上市,化W工I,ESVUFR
股票,1618,合C,TW0001618007,9/11/2000,上市,器|,ESVUFR
股票,2377,微星,TW0002377009,10/31/1998,上市,X及LOI,ESVUFR
股票,2488,h平,TW0002488004,9/17/2001,上市,其他子I,ESVUFR
股票,1418,|A,TW0001418002,2/14/1977,上市,wS,ESVUFR
股票,3023,信邦,TW0003023008,8/26/2002,上市,子零M件I,ESVUFR
股票,4526,|台,TW0004526009,9/15/2003,上市,CC械,ESVUFR
股票,4906,正文,TW0004906003,6/30/2003,上市,通信W路I,ESVUFR
股票,3045,台炒,TW0003045001,8/26/2002,上市,通信W路I,ESVUFR
股票,1443,立益,TW0001443000,4/21/1990,上市,wS,ESVUFR
股票,3694,海A,TW0003694006,5/3/2011,上市,通信W路I,ESVUFR
股票,5521,工信,TW0005521009,12/18/2012,上市,建材I造I,ESVUFR
股票,1234,黑松,TW0001234003,3/12/1999,上市,食品工I,ESVUFR
股票,8464,|S,TW0008464009,12/22/2015,上市,其他I,ESVUFR
股票,2471,Y通,TW0002471000,9/17/2001,上市,Y服I,ESVUFR
股票,2450,神X,TW0002450004,5/24/2001,上市,通信W路I,ESVUFR
股票,2107,厚生,TW0002107000,3/3/1992,上市,橡z工I,ESVUFR
股票,2348,海,TW0002348000,1/5/1996,上市,其他I,ESVUFR
股票,4904,h,TW0004904008,8/24/2005,上市,通信W路I,ESVUFR
股票,2886,兆S金,TW0002886009,2/4/2002,上市,金融保UI,ESVUFR
股票,8131,福懋科,TW0008131004,11/29/2007,上市,半wI,ESVUFR
股票,1616,|泰,TW0001616001,9/11/2000,上市,器|,ESVUFR
股票,2516,新建,TW0002516002,5/25/1993,上市,建材I造I,ESVUFR
股票,1734,杏x,TW0001734002,8/26/2002,上市,生技tI,ESVUFR
股票,1737,_},TW0001737005,11/18/2003,上市,食品工I,ESVUFR
股票,1447,力i,TW0001447001,1/28/1992,上市,wS,ESVUFR
股票,3413,京鼎,TW0003413001,7/28/2015,上市,半wI,ESVUFR
股票,6257,矽格,TW0006257009,8/25/2003,上市,半wI,ESVUFR
股票,1101,台泥,TW0001101004,2/9/1962,上市,水泥工I,ESVUFR
股票,1444,力,TW0001444008,8/8/1990,上市,wS,ESVUFR
股票,3018,同_,TW0003018008,8/26/2002,上市,其他子I,ESVUFR
股票,3022,威,TW0003022000,8/26/2002,上市,X及LOI,ESVUFR
股票,1477,聚,TW0001477008,1/21/2003,上市,wS,ESVUFR
股票,1452,宏益,TW0001452001,12/28/1992,上市,wS,ESVUFR
股票,6269,台郡,TW0006269004,9/23/2003,上市,子零M件I,ESVUFR
股票,2852,第一保,TW0002852001,11/28/2000,上市,金融保UI,ESVUFR
股票,2424,]A,TW0002424009,9/11/2000,上市,X及LOI,ESVUFR
股票,2413,h科,TW0002413002,9/11/2000,上市,子零M件I,ESVUFR
股票,3043,科L,TW0003043006,8/26/2002,上市,其他子I,ESVUFR
股票,1709,和益,TW0001709004,7/3/1986,上市,化W工I,ESVUFR
股票,2353,宏,TW0002353000,9/18/1996,上市,X及LOI,ESVUFR
股票,6141,柏承,TW0006141005,10/22/2003,上市,子零M件I,ESVUFR
股票,2311,日月光,TW0002311008,7/19/1989,上市,半wI,ESVUFR
股票,6289,A上,TW0006289002,8/28/2003,上市,光I,ESVUFR
股票,2305,全友,TW0002305000,10/21/1988,上市,X及LOI,ESVUFR
股票,3686,_能,TW0003686002,7/20/2010,上市,半wI,ESVUFR
股票,1321,大洋,TW0001321008,1/26/1999,上市,塑z工I,ESVUFR
股票,2376,技嘉,TW0002376001,9/24/1998,上市,X及LOI,ESVUFR
股票,2731,雄{,TW0002731007,9/24/2013,上市,^光事I,ESVUFR
股票,6117,迎V,TW0006117005,8/25/2003,上市,X及LOI,ESVUFR
股票,1903,士,TW0001903003,12/9/1963,上市,造工I,ESVUFR
股票,1451,年d,TW0001451003,12/21/1992,上市,wS,ESVUFR
股票,3229,晟,TW0003229001,12/31/2009,上市,子零M件I,ESVUFR
股票,3030,德律,TW0003030003,10/29/2002,上市,其他子I,ESVUFR
股票,1808,隆,TW0001808004,10/26/1994,上市,建材I造I,ESVUFR
股票,4755,三福化,TW0004755004,11/27/2013,上市,化W工I,ESVUFR
股票,3025,星通,TW0003025003,8/26/2002,上市,通信W路I,ESVUFR
股票,1473,台南,TW0001473007,9/11/2000,上市,wS,ESVUFR
股票,2547,日偕,TW0002547007,12/22/2000,上市,建材I造I,ESVUFR
股票,3514,昱晶,TW0003514006,11/2/2007,上市,光I,ESVUFR
股票,2365,昆盈,TW0002365004,11/3/1997,上市,X及LOI,ESVUFR
股票,1701,中化,TW0001701001,2/9/1962,上市,生技tI,ESVUFR
股票,1726,永,TW0001726008,9/11/2000,上市,化W工I,ESVUFR
股票,4106,e博,TW0004106000,11/8/2004,上市,生技tI,ESVUFR
股票,2015,Sd,TW0002015005,5/25/1992,上市,F工I,ESVUFR
股票,2482,B宇,TW0002482007,9/17/2001,上市,其他子I,ESVUFR
股票,4746,台耀,TW0004746003,3/1/2011,上市,生技tI,ESVUFR
股票,2308,台_,TW0002308004,12/19/1988,上市,子零M件I,ESVUFR
股票,1409,新w,TW0001409001,8/31/1973,上市,wS,ESVUFR
股票,2545,皇翔,TW0002545001,9/11/2000,上市,建材I造I,ESVUFR
股票,1515,力山,TW0001515005,2/4/1995,上市,CC械,ESVUFR
股票,2038,海光,TW0002038007,12/30/2008,上市,F工I,ESVUFR
股票,2020,美,TW0002020005,4/27/1993,上市,F工I,ESVUFR
股票,4557,永新-KY,KYG988461011,10/12/2015,上市,CC械,ESVUFR
股票,2364,w,TW0002364007,8/11/1997,上市,X及LOI,ESVUFR
股票,3528,安Y,TW0003528006,5/18/2016,上市,子通路I,ESVUFR
股票,1613,台一,TW0001613008,10/20/1995,上市,器|,ESVUFR
股票,3059,A晶科,TW0003059002,12/24/2002,上市,光I,ESVUFR
股票,2855,y一C,TW0002855004,9/16/2002,上市,金融保UI,ESVUFR
股票,6155,x,TW0006155005,8/18/2006,上市,子零M件I,ESVUFR
股票,1729,必翔,TW0001729002,3/21/2001,上市,生技tI,ESVUFR
股票,2851,中再保,TW0002851003,7/6/2000,上市,金融保UI,ESVUFR
股票,2823,中,TW0002823002,2/8/1995,上市,金融保UI,ESVUFR
股票,5706,P凰,TW0005706006,10/21/2011,上市,^光事I,ESVUFR
股票,4426,利勤,TW0004426002,12/16/2011,上市,wS,ESVUFR
股票,1472,三洋,TW0001472009,9/11/2000,上市,wS,ESVUFR
股票,6282,康舒,TW0006282007,9/8/2003,上市,子零M件I,ESVUFR
股票,9939,宏全,TW0009939009,3/2/2001,上市,其他I,ESVUFR
股票,4999,鑫禾,TW0004999008,6/3/2013,上市,子零M件I,ESVUFR
股票,2515,中工,TW0002515004,3/2/1993,上市,建材I造I,ESVUFR
股票,3026,禾伸堂,TW0003026001,8/26/2002,上市,子零M件I,ESVUFR
股票,2405,浩鑫,TW0002405008,3/17/2000,上市,X及LOI,ESVUFR
股票,2027,大成,TW0002027000,10/24/1996,上市,F工I,ESVUFR
股票,2328,V宇,TW0002328002,11/9/1993,上市,子零M件I,ESVUFR
股票,2538,基泰,TW0002538006,11/1/1996,上市,建材I造I,ESVUFR
股票,1731,美吾A,TW0001731008,9/17/2001,上市,生技tI,ESVUFR
股票,1527,全,TW0001527000,6/21/2000,上市,CC械,ESVUFR
股票,5522,h雄,TW0005522007,8/6/2007,上市,建材I造I,ESVUFR
股票,1568,}佑,TW0001568004,5/14/2014,上市,CC械,ESVUFR
股票,6191,精成科,TW0006191000,10/19/2007,上市,子零M件I,ESVUFR
股票,2373,震旦行,TW0002373008,8/1/1991,上市,其他子I,ESVUFR
股票,2374,佳能,TW0002374006,1/16/1995,上市,光I,ESVUFR
股票,1471,首利,TW0001471001,3/6/2000,上市,子零M件I,ESVUFR
股票,1465,ト,TW0001465003,9/8/1997,上市,wS,ESVUFR
股票,9941,裕融,TW0009941005,9/17/2001,上市,其他I,ESVUFR
股票,2908,特力,TW0002908001,2/18/1993,上市,Q易百I,ESVUFR
股票,2324,仁,TW0002324001,2/18/1992,上市,X及LOI,ESVUFR
股票,1454,台富,TW0001454007,5/7/1993,上市,wS,ESVUFR
股票,3437,s,TW0003437000,7/9/2014,上市,光I,ESVUFR
股票,2109,AS,TW0002109006,5/8/2000,上市,橡z工I,ESVUFR
股票,1423,利A,TW0001423002,4/2/1979,上市,wS,ESVUFR
股票,2023,钶x,TW0002023009,7/28/1995,上市,F工I,ESVUFR
股票,2486,一,TW0002486008,9/19/2001,上市,光I,ESVUFR
股票,1809,中釉,TW0001809002,4/30/1996,上市,玻璃陶瓷,ESVUFR
股票,8163,_方,TW0008163007,11/28/2007,上市,X及LOI,ESVUFR
股票,3308,德,TW0003308003,3/12/2008,上市,子零M件I,ESVUFR
股票,8210,勤\,TW0008210006,12/1/2011,上市,X及LOI,ESVUFR
股票,8374,_N,TW0008374000,12/25/2008,上市,CC械,ESVUFR
股票,2002,中,TW0002002003,12/26/1974,上市,F工I,ESVUFR
股票,3645,_~,TW0003645008,10/5/2011,上市,子零M件I,ESVUFR
股票,2890,永S金,TW0002890001,5/9/2002,上市,金融保UI,ESVUFR
股票,9921,巨大,TW0009921007,12/29/1994,上市,其他I,ESVUFR
股票,1460,宏h,TW0001460004,4/28/1995,上市,wS,ESVUFR
股票,2032,新,TW0002032000,9/11/2000,上市,F工I,ESVUFR
股票,4555,饬,TW0004555008,10/27/2015,上市,CC械,ESVUFR
股票,1262,G-KY,KYG409711069,1/16/2014,上市,其他I,ESVUFR
股票,1529,肥,TW0001529006,9/11/2000,上市,CC械,ESVUFR
股票,2375,智,TW0002375003,8/29/1998,上市,子零M件I,ESVUFR
股票,1522,堤S西,TW0001522001,10/6/1997,上市,CC械,ESVUFR
股票,5284,jpp-KY,KYG521131006,3/9/2017,上市,其他I,ESVUFR
股票,3383,新世o,TW0003383006,12/10/2007,上市,光I,ESVUFR
股票,3090,日Q,TW0003090007,12/31/2007,上市,子零M件I,ESVUFR
股票,6452,康友-KY,KYG7060F1019,3/25/2015,上市,生技tI,ESVUFR
股票,2351,德,TW0002351004,4/25/1996,上市,半wI,ESVUFR
股票,2313,A通,TW0002313004,7/24/1990,上市,子零M件I,ESVUFR
股票,1467,南,TW0001467009,12/21/1998,上市,wS,ESVUFR
股票,3019,光,TW0003019006,8/26/2002,上市,光I,ESVUFR
股票,1324,地球,TW0001324002,9/11/2000,上市,塑z工I,ESVUFR
股票,1457,宜M,TW0001457000,10/20/1994,上市,wS,ESVUFR
股票,2360,致茂,TW0002360005,12/21/1996,上市,其他子I,ESVUFR
股票,3056,太,TW0003056008,3/3/2003,上市,建材I造I,ESVUFR
股票,6443,元晶,TW0006443005,10/1/2015,上市,光I,ESVUFR
股票,1717,Ld,TW0001717007,3/31/1994,上市,化W工I,ESVUFR
股票,5533,皇鼎,TW0005533004,4/30/2008,上市,建材I造I,ESVUFR
股票,1435,中福,TW0001435006,12/28/1987,上市,其他I,ESVUFR
股票,6206,w捷,TW0006206006,8/3/2004,上市,X及LOI,ESVUFR
股票,2367,dA,TW0002367000,12/13/1997,上市,子零M件I,ESVUFR
股票,2029,盛N,TW0002029006,1/11/1997,上市,F工I,ESVUFR
股票,6184,大S,TW0006184005,2/15/2005,上市,其他I,ESVUFR
股票,1786,科妍,TW0001786002,11/12/2013,上市,生技tI,ESVUFR
股票,1201,味全,TW0001201002,2/9/1962,上市,食品工I,ESVUFR
股票,2301,光科,TW0002301009,11/17/1995,上市,X及LOI,ESVUFR
股票,6414,h,TW0006414006,3/28/2014,上市,X及LOI,ESVUFR
股票,3698,隆_,TW0003698007,9/29/2011,上市,光I,ESVUFR
股票,3016,嘉晶,TW0003016002,12/24/2002,上市,半wI,ESVUFR
股票,2480,敦科,TW0002480001,9/17/2001,上市,Y服I,ESVUFR
股票,6145,庞,TW0006145006,8/25/2003,上市,子通路I,ESVUFR
股票,1337,再生-KY,KYG0539R1039,7/1/2011,上市,塑z工I,ESVUFR
股票,1525,江申,TW0001525004,5/15/1999,上市,CC械,ESVUFR
股票,8150,南茂,TW0008150004,4/11/2014,上市,半wI,ESVUFR
股票,3014,,TW0003014007,10/29/2002,上市,半wI,ESVUFR
股票,1229,A,TW0001229003,7/19/1976,上市,食品工I,ESVUFR
股票,1441,大|,TW0001441004,10/27/1989,上市,wS,ESVUFR
股票,1524,耿鼎,TW0001524007,10/30/1998,上市,CC械,ESVUFR
股票,8940,新天地,TW0008940008,5/15/2009,上市,^光事I,ESVUFR
股票,1453,大,TW0001453009,4/19/1993,上市,wS,ESVUFR
股票,4720,德Y,TW0004720008,6/24/2015,上市,化W工I,ESVUFR
股票,2597,弘,TW0002597002,3/26/2010,上市,建材I造I,ESVUFR
股票,4552,力_-KY,KYG5479W1033,7/20/2016,上市,CC械,ESVUFR
股票,2354,,TW0002354008,10/8/1996,上市,其他子I,ESVUFR
股票,1702,南S,TW0001702009,5/30/1973,上市,食品工I,ESVUFR
股票,3041,P智,TW0003041000,8/26/2002,上市,半wI,ESVUFR
股票,6422,君耀-KY,KYG136861039,12/27/2014,上市,子零M件I,ESVUFR
股票,1589,永冠-KY,KYG984291065,4/27/2012,上市,CC械,ESVUFR
股票,1707,葡萄王,TW0001707008,12/20/1982,上市,生技tI,ESVUFR
股票,2912,y一超,TW0002912003,8/22/1997,上市,Q易百I,ESVUFR
股票,2642,宅配通,TW0002642006,12/12/2013,上市,航\I,ESVUFR
股票,5534,L虹,TW0005534002,5/24/2004,上市,建材I造I,ESVUFR
股票,2430,N坤,TW0002430006,9/11/2000,上市,子通路I,ESVUFR
股票,6239,力成,TW0006239007,11/8/2004,上市,半wI,ESVUFR
股票,1603,A,TW0001603009,6/3/1968,上市,器|,ESVUFR
股票,1301,台塑,TW0001301000,7/27/1964,上市,塑z工I,ESVUFR
股票,3051,力特,TW0003051009,10/28/2002,上市,光I,ESVUFR
股票,3209,全科,TW0003209003,11/26/2008,上市,子通路I,ESVUFR
股票,1437,勤益控,TW0001437002,11/10/1988,上市,半wI,ESVUFR
股票,2395,研A,TW0002395001,12/13/1999,上市,X及LOI,ESVUFR
股票,5243,乙盛-KY,KYG312361051,11/25/2013,上市,光I,ESVUFR
股票,3376,新日d,TW0003376000,12/31/2007,上市,子零M件I,ESVUFR
股票,2392,正崴,TW0002392008,9/20/1999,上市,子零M件I,ESVUFR
股票,2342,茂矽,TW0002342003,9/19/1995,上市,半wI,ESVUFR
股票,1708,||,TW0001708006,6/16/1986,上市,化W工I,ESVUFR
股票,2484,希A,TW0002484003,9/17/2001,上市,子零M件I,ESVUFR
股票,2897,王道y行,TW0002897006,5/5/2017,上市,金融保UI,ESVUFR
股票,3622,洋A,TW0003622007,3/25/2009,上市,光I,ESVUFR
股票,2483,百容,TW0002483005,9/17/2001,上市,子零M件I,ESVUFR
股票,6131,悠克,TW0006131006,9/27/2004,上市,光I,ESVUFR
股票,9934,成霖,TW0009934000,9/11/2000,上市,其他I,ESVUFR
股票,1907,永SN,TW0001907004,2/22/1977,上市,造工I,ESVUFR
股票,1609,大,TW0001609006,12/12/1988,上市,器|,ESVUFR
股票,2321,|,TW0002321007,11/8/1991,上市,通信W路I,ESVUFR
股票,2397,友通,TW0002397007,1/15/2000,上市,X及LOI,ESVUFR
股票,1712,dr,TW0001712008,12/14/1989,上市,化W工I,ESVUFR
股票,4137,S-KY,KYG211641017,11/27/2013,上市,生技tI,ESVUFR
股票,4934,太O,TW0004934005,3/10/2010,上市,光I,ESVUFR
股票,6165,捷泰,TW0006165004,8/4/2003,上市,子零M件I,ESVUFR
股票,2722,夏都,TW0002722006,3/14/2012,上市,^光事I,ESVUFR
股票,2325,矽品,TW0002325008,4/7/1993,上市,半wI,ESVUFR
股票,1338,VA-KY,KYG451001070,12/19/2012,上市,汽工I,ESVUFR
股票,2201,裕隆,TW0002201001,7/8/1976,上市,汽工I,ESVUFR
股票,2601,益航,TW0002601002,11/4/1965,上市,Q易百I,ESVUFR
股票,2801,彰y,TW0002801008,2/15/1962,上市,金融保UI,ESVUFR
股票,2535,_欣工,TW0002535002,3/11/1996,上市,建材I造I,ESVUFR
股票,4968,立e,TW0004968003,11/13/2015,上市,半wI,ESVUFR
股票,8454,富邦媒,TW0008454000,12/19/2014,上市,Q易百I,ESVUFR
股票,2856,元富C,TW0002856002,9/16/2002,上市,金融保UI,ESVUFR
股票,2499,|,TW0002499001,2/19/2002,上市,光I,ESVUFR
股票,2901,欣欣,TW0002901006,5/7/1976,上市,Q易百I,ESVUFR
股票,1528,恩德,TW0001528008,9/11/2000,上市,CC械,ESVUFR
股票,3006,晶豪科,TW0003006003,3/4/2002,上市,半wI,ESVUFR
股票,2302,正,TW0002302007,1/15/1985,上市,半wI,ESVUFR
股票,8039,台虹,TW0008039009,12/17/2009,上市,子零M件I,ESVUFR
股票,2025,千d,TW0002025004,2/8/1996,上市,F工I,ESVUFR
股票,1817,P撒l,TW0001817005,10/24/2013,上市,玻璃陶瓷,ESVUFR
股票,5471,松翰,TW0005471007,8/25/2003,上市,半wI,ESVUFR
股票,2069,\_,TW0002069002,3/22/2016,上市,F工I,ESVUFR
股票,2880,A南金,TW0002880002,12/19/2001,上市,金融保UI,ESVUFR
股票,1220,台s,TW0001220002,11/20/1991,上市,食品工I,ESVUFR
股票,9927,泰,TW0009927004,3/12/1999,上市,其他I,ESVUFR
股票,1710,|,TW0001710002,10/21/1987,上市,化W工I,ESVUFR
股票,3049,和鑫,TW0003049003,9/27/2002,上市,光I,ESVUFR
股票,2347,,TW0002347002,12/13/1995,上市,子通路I,ESVUFR
股票,2208,台船,TW0002208006,12/22/2008,上市,航\I,ESVUFR
股票,6464,台悼,TW0006464001,12/16/2015,上市,其他I,ESVUFR
股票,3669,A展,TW0003669008,8/25/2011,上市,光I,ESVUFR
股票,4142,光生,TW0004142005,5/3/2012,上市,生技tI,ESVUFR
股票,4938,和T,TW0004938006,6/24/2010,上市,X及LOI,ESVUFR
股票,4190,佐登-KY,KYG518761039,10/21/2015,上市,生技tI,ESVUFR
股票,2441,超S,TW0002441003,10/26/2000,上市,半wI,ESVUFR
股票,2425,承,TW0002425006,9/11/2000,上市,X及LOI,ESVUFR
股票,2408,南科,TW0002408002,8/17/2000,上市,半wI,ESVUFR
股票,2892,第一金,TW0002892007,1/2/2003,上市,金融保UI,ESVUFR
股票,8443,阿瘦,TW0008443003,9/15/2014,上市,Q易百I,ESVUFR
股票,8467,波力-KY,KYG144971044,12/15/2015,上市,其他I,ESVUFR
股票,2527,宏Z,TW0002527009,3/6/1995,上市,建材I造I,ESVUFR
股票,6176,瑞x,TW0006176001,5/15/2007,上市,光I,ESVUFR
股票,2017,官田,TW0002017001,11/2/1992,上市,F工I,ESVUFR
股票,2114,鑫永,TW0002114006,12/29/2010,上市,橡z工I,ESVUFR
股票,2455,全新,TW0002455003,1/24/2002,上市,通信W路I,ESVUFR
股票,3057,潭,TW0003057006,12/18/2002,上市,X及LOI,ESVUFR
股票,2609,明,TW0002609005,4/20/1992,上市,航\I,ESVUFR
股票,1456,怡A,TW0001456002,12/9/1993,上市,wS,ESVUFR
股票,8427,基-KY,KYG525341072,12/6/2011,上市,其他I,ESVUFR
股票,6235,A孚,TW0006235005,8/23/2004,上市,X及LOI,ESVUFR
股票,4119,旭富,TW0004119003,1/7/2004,上市,生技tI,ESVUFR
股票,2207,和泰,TW0002207008,2/25/1997,上市,汽工I,ESVUFR
股票,2929,淘帝-KY,KYG8922A1085,12/30/2013,上市,Q易百I,ESVUFR
股票,5880,合旖,TW0005880009,12/1/2011,上市,金融保UI,ESVUFR
股票,6115,,TW0006115009,7/19/2004,上市,子零M件I,ESVUFR
股票,3311,b,TW0003311007,3/8/2004,上市,通信W路I,ESVUFR
股票,6136,富特,TW0006136005,8/25/2003,上市,通信W路I,ESVUFR
股票,3653,健策,TW0003653002,11/18/2009,上市,子零M件I,ESVUFR
股票,3703,欣,TW0003703005,4/8/2010,上市,建材I造I,ESVUFR
股票,6202,盛群,TW0006202005,9/27/2004,上市,半wI,ESVUFR
股票,5234,_d材料,TW0005234009,7/16/2012,上市,光I,ESVUFR
股票,1310,台苯,TW0001310001,8/6/1987,上市,塑z工I,ESVUFR
股票,2548,A固,TW0002548005,8/26/2002,上市,建材I造I,ESVUFR
股票,2239,英利-KY,KYG1991F1081,1/27/2016,上市,汽工I,ESVUFR
股票,1713,化,TW0001713006,1/31/1990,上市,化W工I,ESVUFR
股票,1108,幸福,TW0001108009,6/6/1990,上市,水泥工I,ESVUFR
股票,2383,台光,TW0002383007,11/27/1998,上市,子零M件I,ESVUFR
股票,1560,中砂,TW0001560001,1/31/2005,上市,CC械,ESVUFR
股票,1592,英瑞-KY,KYG316231045,10/16/2014,上市,CC械,ESVUFR
股票,1446,宏和,TW0001446003,10/15/1991,上市,wS,ESVUFR
股票,3047,舟,TW0003047007,8/26/2002,上市,通信W路I,ESVUFR
股票,8271,宇瞻,TW0008271008,12/29/2010,上市,半wI,ESVUFR
股票,6531,燮,TW0006531007,5/31/2016,上市,半wI,ESVUFR
股票,1806,冠,TW0001806008,9/29/1992,上市,玻璃陶瓷,ESVUFR
股票,2399,映泰,TW0002399003,12/16/1999,上市,X及LOI,ESVUFR
股票,6230,超,TW0006230006,9/16/2010,上市,X及LOI,ESVUFR
股票,1540,谈,TW0001540003,8/26/2002,上市,CC械,ESVUFR
股票,4306,炎洲,TW0004306006,1/21/2008,上市,塑z工I,ESVUFR
股票,1104,h泥,TW0001104008,2/1/1971,上市,水泥工I,ESVUFR
股票,6205,欣,TW0006205008,1/21/2008,上市,子零M件I,ESVUFR
股票,8016,矽,TW0008016007,12/25/2003,上市,半wI,ESVUFR
股票,3588,通嘉,TW0003588000,8/14/2009,上市,半wI,ESVUFR
股票,6216,居易,TW0006216005,9/27/2004,上市,通信W路I,ESVUFR
股票,4943,康控-KY,KYG2346M1033,11/11/2016,上市,子零M件I,ESVUFR
股票,6183,PQ,TW0006183007,12/1/2011,上市,Y服I,ESVUFR
股票,6168,宏R,TW0006168008,8/25/2003,上市,光I,ESVUFR
股票,2462,良得,TW0002462009,9/17/2001,上市,子零M件I,ESVUFR
股票,1455,集盛,TW0001455004,10/7/1993,上市,wS,ESVUFR
股票,3296,俚,TW0003296000,12/31/2007,上市,子零M件I,ESVUFR
股票,2426,鼎元,TW0002426004,9/11/2000,上市,光I,ESVUFR
股票,2472,立隆,TW0002472008,9/17/2001,上市,子零M件I,ESVUFR
股票,3591,艾笛森,TW0003591004,11/12/2010,上市,光I,ESVUFR
股票,6552,易A,TW0006552003,1/10/2017,上市,半wI,ESVUFR
股票,1464,得力,TW0001464006,1/18/1997,上市,wS,ESVUFR
股票,4133,Z法,TW0004133004,12/28/2009,上市,生技tI,ESVUFR
股票,2903,h百,TW0002903002,10/11/1978,上市,Q易百I,ESVUFR
股票,1414,|和,TW0001414001,2/2/1976,上市,wS,ESVUFR
股票,9937,全,TW0009937003,9/11/2000,上市,油燃I,ESVUFR
股票,2496,卓越,TW0002496007,3/8/2002,上市,通信W路I,ESVUFR
股票,2812,台中y,TW0002812005,5/15/1984,上市,金融保UI,ESVUFR
股票,6189,S,TW0006189004,5/24/2004,上市,子通路I,ESVUFR
股票,1313,成,TW0001313005,3/27/1989,上市,塑z工I,ESVUFR
股票,2475,A映,TW0002475001,9/17/2001,上市,光I,ESVUFR
股票,2428,d勤,TW0002428000,9/11/2000,上市,子零M件I,ESVUFR
股票,8429,金-KY,KYG513871015,12/20/2012,上市,Q易百I,ESVUFR
股票,2401,凌,TW0002401007,1/27/2000,上市,半wI,ESVUFR
股票,2104,中橡,TW0002104007,7/15/1986,上市,橡z工I,ESVUFR
股票,2461,光群雷,TW0002461001,9/17/2001,上市,其他子I,ESVUFR
股票,2546,根基,TW0002546009,9/11/2000,上市,建材I造I,ESVUFR
股票,6201,弘,TW0006201007,9/27/2004,上市,其他子I,ESVUFR
股票,4958,臻鼎-KY,KYG989221000,12/26/2011,上市,子零M件I,ESVUFR
股票,2505,P,TW0002505005,11/14/1979,上市,建材I造I,ESVUFR
股票,6451,芯-KY,KYG811801045,1/26/2015,上市,半wI,ESVUFR
股票,4960,奇美材,TW0004960000,10/24/2011,上市,光I,ESVUFR
股票,2101,南港,TW0002101003,11/1/1963,上市,橡z工I,ESVUFR
股票,2014,中,TW0002014008,2/20/1992,上市,F工I,ESVUFR
股票,5531,l林,TW0005531008,1/31/2005,上市,建材I造I,ESVUFR
股票,1517,利奇,TW0001517001,11/14/1995,上市,CC械,ESVUFR
股票,5388,中磊,TW0005388003,12/3/2007,上市,通信W路I,ESVUFR
股票,2355,敬i,TW0002355005,10/14/1996,上市,子零M件I,ESVUFR
股票,2415,_新,TW0002415007,9/11/2000,上市,子零M件I,ESVUFR
股票,2451,,TW0002451002,5/3/2001,上市,半wI,ESVUFR
股票,8081,致新,TW0008081001,12/30/2008,上市,半wI,ESVUFR
股票,3031,佰,TW0003031001,8/26/2002,上市,光I,ESVUFR
股票,2637,慧洋-KY,KYG9721M1033,12/1/2010,上市,航\I,ESVUFR
股票,1410,南染,TW0001410009,10/18/1973,上市,wS,ESVUFR
股票,1902,台,TW0001902005,2/9/1962,上市,造工I,ESVUFR
股票,3033,威健,TW0003033007,8/26/2002,上市,子通路I,ESVUFR
股票,2723,美食-KY,KYG4002A1004,11/22/2010,上市,^光事I,ESVUFR
股票,2883,_l金,TW0002883006,12/28/2001,上市,金融保UI,ESVUFR
股票,6271,同欣,TW0006271000,11/16/2007,上市,半wI,ESVUFR
股票,1512,瑞利,TW0001512002,1/28/1994,上市,CC械,ESVUFR
股票,4927,泰鼎-KY,KYG0407M1033,9/8/2015,上市,子零M件I,ESVUFR
股票,1783,和康生,TW0001783009,12/20/2013,上市,生技tI,ESVUFR
股票,6197,佳必琪,TW0006197007,11/8/2004,上市,子零M件I,ESVUFR
股票,3536,\,TW0003536009,4/30/2008,上市,半wI,ESVUFR
股票,4935,茂林-KY,KYG3931M1024,7/28/2011,上市,光I,ESVUFR
股票,1236,宏,TW0001236008,9/17/2001,上市,食品工I,ESVUFR
股票,1718,中w,TW0001718005,12/2/1963,上市,化W工I,ESVUFR
股票,3021,名,TW0003021002,8/26/2002,上市,子零M件I,ESVUFR
股票,1904,正隆,TW0001904001,9/10/1971,上市,造工I,ESVUFR
股票,2453,凌群,TW0002453008,5/22/2001,上市,Y服I,ESVUFR
股票,2511,太子,TW0002511003,4/24/1991,上市,建材I造I,ESVUFR
股票,1604,,TW0001604007,12/14/1970,上市,器|,ESVUFR
股票,3481,群,TW0003481008,10/24/2006,上市,光I,ESVUFR
股票,1215,卜蜂,TW0001215002,7/27/1987,上市,食品工I,ESVUFR
股票,1506,正道,TW0001506004,8/11/1980,上市,CC械,ESVUFR
股票,2317,海,TW0002317005,6/18/1991,上市,其他子I,ESVUFR
股票,3617,T天,TW0003617007,12/23/2009,上市,其他子I,ESVUFR
股票,1216,y一,TW0001216000,12/28/1987,上市,食品工I,ESVUFR
股票,4737,AV,TW0004737002,12/23/2010,上市,生技tI,ESVUFR
股票,2884,玉山金,TW0002884004,1/28/2002,上市,金融保UI,ESVUFR
股票,1326,台化,TW0001326007,12/20/1984,上市,塑z工I,ESVUFR
股票,2363,矽y,TW0002363009,8/1/1997,上市,半wI,ESVUFR
股票,3356,奇偶,TW0003356002,3/28/2005,上市,光I,ESVUFR
股票,2406,T,TW0002406006,4/29/2000,上市,光I,ESVUFR
股票,6152,百一,TW0006152002,12/8/2009,上市,通信W路I,ESVUFR
股票,3535,晶彩科,TW0003535001,1/31/2008,上市,光I,ESVUFR
股票,2845,h|y,TW0002845005,11/27/1998,上市,金融保UI,ESVUFR
股票,3443,意,TW0003443008,11/3/2006,上市,半wI,ESVUFR
股票,9958,世o,TW0009958009,3/12/2008,上市,F工I,ESVUFR
股票,1419,新,TW0001419000,3/14/1977,上市,wS,ESVUFR
股票,5215,科嘉-KY,KYG530791022,12/26/2011,上市,X及LOI,ESVUFR
股票,1789,神隆,TW0001789006,9/29/2011,上市,生技tI,ESVUFR
股票,1735,日倩,TW0001735009,8/26/2002,上市,化W工I,ESVUFR
股票,8112,至上,TW0008112004,12/31/2007,上市,子通路I,ESVUFR
股票,1590,德客-KY,KYG014081064,12/13/2010,上市,CC械,ESVUFR
股票,9926,新海,TW0009926006,4/8/1998,上市,油燃I,ESVUFR
股票,9946,三l地a,TW0009946004,9/17/2013,上市,建材I造I,ESVUFR
股票,4551,智伸科,TW0004551007,8/10/2015,上市,CC械,ESVUFR
股票,9911,鸦,TW0009911008,7/16/1992,上市,其他I,ESVUFR
股票,3149,正_,TW0003149001,11/23/2011,上市,光I,ESVUFR
股票,9945,泰新,TW0009945006,4/30/1992,上市,其他I,ESVUFR
股票,8422,可l,TW0008422007,10/5/2011,上市,其他I,ESVUFR
股票,3055,蔚A科,TW0003055000,12/12/2002,上市,子通路I,ESVUFR
股票,1232,大y益,TW0001232007,2/9/1996,上市,食品工I,ESVUFR
股票,2006,|和F,TW0002006004,7/13/1988,上市,F工I,ESVUFR
股票,1608,As,TW0001608008,7/11/1988,上市,器|,ESVUFR
股票,6112,聚T,TW0006112006,8/4/2003,上市,Y服I,ESVUFR
股票,2393,|光,TW0002393006,11/4/1999,上市,光I,ESVUFR
股票,1109,信大,TW0001109007,12/5/1991,上市,水泥工I,ESVUFR
股票,2227,裕日,TW0002227006,12/21/2004,上市,汽工I,ESVUFR
股票,3094,,TW0003094009,8/6/2007,上市,半wI,ESVUFR
股票,2034,允,TW0002034006,9/17/2001,上市,F工I,ESVUFR
股票,4915,致伸,TW0004915004,10/5/2012,上市,子零M件I,ESVUFR
股票,2809,京城y,TW0002809001,7/20/1983,上市,金融保UI,ESVUFR
股票,1532,勤美,TW0001532000,7/1/2016,上市,CC械,ESVUFR
股票,3062,建h,TW0003062006,7/28/2003,上市,通信W路I,ESVUFR
股票,4976,佳凌,TW0004976006,11/20/2012,上市,光I,ESVUFR
股票,5305,敦南,TW0005305007,7/19/2004,上市,半wI,ESVUFR
股票,3024,,TW0003024006,8/26/2002,上市,光I,ESVUFR
股票,5871,中租-KY,KYG202881093,12/13/2011,上市,其他I,ESVUFR
股票,1432,大w,TW0001432003,7/26/1982,上市,Q易百I,ESVUFR
股票,2885,元大金,TW0002885001,2/4/2002,上市,金融保UI,ESVUFR
股票,2382,V_,TW0002382009,1/8/1999,上市,X及LOI,ESVUFR
股票,4104,佳t,TW0004104005,12/31/2007,上市,生技tI,ESVUFR
股票,1340,-KY,KYG935971054,12/6/2013,上市,塑z工I,ESVUFR
股票,1316,上曜,TW0001316008,10/15/1992,上市,化W工I,ESVUFR
股票,3011,今皓,TW0003011003,7/22/2002,上市,子零M件I,ESVUFR
股票,3008,大立光,TW0003008009,3/11/2002,上市,光I,ESVUFR
股票,4532,瑞智,TW0004532007,8/4/2003,上市,CC械,ESVUFR
股票,3266,N,TW0003266003,12/24/2014,上市,建材I造I,ESVUFR
股票,3519,G能,TW0003519005,1/25/2008,上市,半wI,ESVUFR
股票,5007,三星,TW0005007009,9/16/2011,上市,F工I,ESVUFR
股票,2459,敦吉,TW0002459005,9/17/2001,上市,子通路I,ESVUFR
股票,2390,云辰,TW0002390002,6/15/1999,上市,其他子I,ESVUFR
股票,1256,r活果汁-KY,KYG858681003,3/17/2016,上市,食品工I,ESVUFR
股票,2357,AT,TW0002357001,11/14/1996,上市,X及LOI,ESVUFR
股票,1323,永裕,TW0001323004,9/11/2000,上市,塑z工I,ESVUFR
股票,3321,同泰,TW0003321006,12/15/2015,上市,子零M件I,ESVUFR
股票,6409,旭隼,TW0006409006,3/31/2014,上市,其他子I,ESVUFR
股票,5264,z-KY,KYG193031096,1/25/2013,上市,X及LOI,ESVUFR
股票,3701,大控,TW0003701009,8/30/2004,上市,X及LOI,ESVUFR
股票,9955,佳,TW0009955005,1/21/2008,上市,其他I,ESVUFR
股票,4763,材料-KY,KYG5138S1057,11/9/2015,上市,化W工I,ESVUFR
股票,6142,友,TW0006142003,8/4/2003,上市,通信W路I,ESVUFR
股票,3346,清,TW0003346003,12/19/2016,上市,汽工I,ESVUFR
股票,9919,康那香,TW0009919001,11/4/1994,上市,其他I,ESVUFR
股票,2412,中A,TW0002412004,10/27/2000,上市,通信W路I,ESVUFR
股票,9938,百和,TW0009938001,1/12/2001,上市,其他I,ESVUFR
股票,1319,|,TW0001319002,12/12/1994,上市,塑z工I,ESVUFR
股票,3037,欣d,TW0003037008,8/26/2002,上市,子零M件I,ESVUFR
股票,3058,立德,TW0003058004,12/9/2002,上市,子零M件I,ESVUFR
股票,1536,和大,TW0001536001,9/17/2001,上市,CC械,ESVUFR
股票,2910,yI,TW0002910007,12/30/1996,上市,Q易百I,ESVUFR
股票,1103,嘉泥,TW0001103000,11/14/1969,上市,水泥工I,ESVUFR
股票,4141,-KY,KYG7644E1098,4/25/2012,上市,生技tI,ESVUFR
股票,8110,A|,TW0008110008,10/31/2007,上市,半wI,ESVUFR
股票,2504,a,TW0002504008,3/14/1978,上市,建材I造I,ESVUFR
股票,2891,中信金,TW0002891009,5/17/2002,上市,金融保UI,ESVUFR
股票,1521,大|,TW0001521003,10/6/1997,上市,CC械,ESVUFR
股票,2368,金像,TW0002368008,3/9/1998,上市,子零M件I,ESVUFR
股票,2498,宏_,TW0002498003,3/26/2002,上市,通信W路I,ESVUFR
股票,4148,全宇生技-KY,KYG0232P1072,6/8/2017,上市,生技tI,ESVUFR
股票,1539,巨庭,TW0001539005,10/29/2002,上市,CC械,ESVUFR
股票,1463,盛,TW0001463008,12/5/1996,上市,wS,ESVUFR
股票,9907,y一,TW0009907006,1/29/1991,上市,其他I,ESVUFR
股票,8072,泰,TW0008072000,8/19/2005,上市,光I,ESVUFR
股票,1417,嘉裕,TW0001417004,12/28/1976,上市,wS,ESVUFR
股票,2867,三商,TW0002867009,12/18/2012,上市,金融保UI,ESVUFR
股票,8341,日友,TW0008341009,3/23/2015,上市,其他I,ESVUFR
股票,2022,聚亨,TW0002022001,3/27/1995,上市,F工I,ESVUFR
股票,2420,新巨,TW0002420007,9/11/2000,上市,子零M件I,ESVUFR
股票,5269,祥T,TW0005269005,12/12/2012,上市,半wI,ESVUFR
股票,3533,嘉,TW0003533006,12/10/2007,上市,子零M件I,ESVUFR
股票,3164,景岳,TW0003164000,3/22/2010,上市,生技tI,ESVUFR
股票,1722,台肥,TW0001722007,3/24/1998,上市,化W工I,ESVUFR
股票,5608,四S航,TW0005608004,8/25/2003,上市,航\I,ESVUFR
股票,1541,_泰,TW0001541001,3/19/2003,上市,CC械,ESVUFR
股票,3494,\研,TW0003494001,12/13/2007,上市,X及LOI,ESVUFR
股票,4942,嘉彰,TW0004942008,6/27/2011,上市,光I,ESVUFR
股票,3002,W格,TW0003002002,1/23/2002,上市,X及LOI,ESVUFR
股票,6504,南六,TW0006504004,5/7/2013,上市,其他I,ESVUFR
股票,1235,d泰,TW0001235000,9/11/2000,上市,食品工I,ESVUFR
股票,6128,上福,TW0006128002,6/16/2003,上市,X及LOI,ESVUFR
股票,1213,大,TW0001213007,4/10/1981,上市,食品工I,ESVUFR
股票,2913,r林,TW0002913001,2/9/1962,上市,Q易百I,ESVUFR
股票,2387,精元,TW0002387008,1/25/1999,上市,X及LOI,ESVUFR
股票,2849,安泰y,TW0002849007,9/27/1999,上市,金融保UI,ESVUFR
股票,2433,互盛,TW0002433000,9/11/2000,上市,其他子I,ESVUFR
股票,4108,烟,TW0004108006,7/16/2008,上市,生技tI,ESVUFR
股票,3406,玉晶光,TW0003406005,12/20/2005,上市,光I,ESVUFR
股票,3054,立f利,TW0003054003,11/18/2002,上市,半wI,ESVUFR
股票,2419,仲琦,TW0002419009,9/11/2000,上市,通信W路I,ESVUFR
股票,2456,奇力新,TW0002456001,9/26/2001,上市,子零M件I,ESVUFR
股票,2228,麟,TW0002228004,11/25/2013,上市,CC械,ESVUFR
股票,3561,N光,TW0003561007,12/5/2008,上市,光I,ESVUFR
股票,2481,茂,TW0002481009,9/17/2001,上市,半wI,ESVUFR
股票,5288,S祥-KY,KYG314551014,9/25/2014,上市,CC械,ESVUFR
股票,1526,日Y,TW0001526002,3/27/2000,上市,CC械,ESVUFR
股票,5258,虹堡,TW0005258008,12/30/2016,上市,X及LOI,ESVUFR
股票,2105,正新,TW0002105004,12/7/1987,上市,橡z工I,ESVUFR
股票,8411,福-KY,KYG525911072,11/1/2011,上市,其他I,ESVUFR
股票,2454,l科,TW0002454006,7/23/2001,上市,半wI,ESVUFR
股票,2362,{天,TW0002362001,4/2/1997,上市,X及LOI,ESVUFR
股票,2385,群光,TW0002385002,1/5/1999,上市,子零M件I,ESVUFR
股票,3501,S熹,TW0003501003,9/20/2007,上市,子零M件I,ESVUFR
股票,1611,中,TW0001611002,1/16/1990,上市,器|,ESVUFR
股票,2442,新美R,TW0002442001,11/22/2000,上市,X及LOI,ESVUFR
股票,9906,欣巴巴,TW0009906008,12/15/1990,上市,建材I造I,ESVUFR
股票,8222,一,TW0008222001,1/27/2015,上市,CC械,ESVUFR
股票,1614,三洋,TW0001614006,9/18/1997,上市,器|,ESVUFR
股票,2468,A,TW0002468006,9/17/2001,上市,Y服I,ESVUFR
股票,2614,|森,TW0002614005,9/23/1995,上市,Q易百I,ESVUFR
股票,2539,鸦建,TW0002539004,7/16/1997,上市,建材I造I,ESVUFR
股票,2439,美律,TW0002439007,9/11/2000,上市,通信W路I,ESVUFR
股票,2702,A@,TW0002702008,2/14/1965,上市,^光事I,ESVUFR
股票,8070,LA,TW0008070004,12/31/2007,上市,子通路I,ESVUFR
股票,6525,捷敏-KY,KYG3790U1040,4/12/2016,上市,半wI,ESVUFR
股票,6533,晶心科,TW0006533003,3/14/2017,上市,半wI,ESVUFR
股票,6405,城,TW0006405004,11/28/2013,上市,光I,ESVUFR
股票,1704,s化,TW0001704005,12/17/1977,上市,化W工I,ESVUFR
股票,4807,日成-KY,KYG7473R1065,6/26/2017,上市,Q易百I,ESVUFR
股票,9943,好返,TW0009943001,8/26/2002,上市,^光事I,ESVUFR
股票,1203,味王,TW0001203008,8/24/1964,上市,食品工I,ESVUFR
股票,5259,清惠,TW0005259006,12/3/2013,上市,光I,ESVUFR
股票,6456,GIS-KY,KYG3808R1011,6/12/2015,上市,光I,ESVUFR
股票,3596,智易,TW0003596003,3/11/2009,上市,通信W路I,ESVUFR
股票,1303,南,TW0001303006,11/5/1967,上市,塑z工I,ESVUFR
股票,2303,,TW0002303005,7/16/1985,上市,半wI,ESVUFR
股票,3312,弘股,TW0003312005,12/29/2010,上市,子通路I,ESVUFR
股票,2906,高林,TW0002906005,12/26/1989,上市,Q易百I,ESVUFR
股票,2440,太空梭,TW0002440005,11/10/2000,上市,子零M件I,ESVUFR
股票,1476,儒,TW0001476000,4/18/2001,上市,wS,ESVUFR
股票,3027,盛_,TW0003027009,8/26/2002,上市,通信W路I,ESVUFR
股票,2316,楠梓,TW0002316007,2/5/1991,上市,子零M件I,ESVUFR
股票,1102,泥,TW0001102002,6/8/1962,上市,水泥工I,ESVUFR
股票,2458,x隆,TW0002458007,9/17/2001,上市,半wI,ESVUFR
股票,1626,艾美特-KY,KYG0135T1076,3/21/2013,上市,器|,ESVUFR
股票,2534,宏盛,TW0002534005,2/12/1996,上市,建材I造I,ESVUFR
股票,4560,信-KY,KYG853531039,5/26/2017,上市,CC械,ESVUFR
股票,2423,固,TW0002423001,9/11/2000,上市,其他子I,ESVUFR
股票,3557,嘉威,TW0003557005,2/27/2008,上市,光I,ESVUFR
股票,2327,巨,TW0002327004,10/22/1993,上市,子零M件I,ESVUFR
股票,2887,台新金,TW0002887007,2/18/2002,上市,金融保UI,ESVUFR
股票,9942,茂,TW0009942003,1/28/2002,上市,其他I,ESVUFR
股票,2605,新d,TW0002605003,12/8/1989,上市,航\I,ESVUFR
股票,1605,A新,TW0001605004,11/3/1972,上市,器|,ESVUFR
股票,2010,春源,TW0002010006,12/22/1989,上市,F工I,ESVUFR
股票,1711,永光,TW0001711000,12/27/1988,上市,化W工I,ESVUFR
股票,1469,理隆,TW0001469005,2/5/1999,上市,wS,ESVUFR
股票,3450,x,TW0003450003,4/12/2006,上市,其他子I,ESVUFR
股票,3593,力,TW0003593000,3/16/2009,上市,子零M件I,ESVUFR
股票,4977,_-KY,KYG6956N1034,11/20/2013,上市,通信W路I,ESVUFR
股票,2314,台P,TW0002314002,8/8/1990,上市,通信W路I,ESVUFR
股票,2882,泰金,TW0002882008,12/31/2001,上市,金融保UI,ESVUFR
股票,2231,樯,TW0002231008,11/19/2010,上市,CC械,ESVUFR
股票,2465,_,TW0002465002,9/19/2001,上市,X及LOI,ESVUFR
股票,6281,全,TW0006281009,12/8/2005,上市,子通路I,ESVUFR
股票,5519,隆大,TW0005519003,2/10/2014,上市,建材I造I,ESVUFR
股票,6139,翔,TW0006139009,8/25/2003,上市,其他子I,ESVUFR
股票,6177,_,TW0006177009,8/1/2013,上市,建材I造I,ESVUFR
股票,3702,大大,TW0003702007,11/9/2005,上市,子通路I,ESVUFR
股票,5484,慧友,TW0005484000,8/25/2003,上市,光I,ESVUFR
股票,9935,cS富,TW0009935007,9/11/2000,上市,其他I,ESVUFR
股票,2204,中A,TW0002204005,3/12/1991,上市,汽工I,ESVUFR
股票,2477,美隆,TW0002477007,9/17/2001,上市,其他子I,ESVUFR
股票,3130,一零四,TW0003130001,2/17/2006,上市,Y服I,ESVUFR
股票,6196,帆宣,TW0006196009,5/24/2004,上市,其他子I,ESVUFR
股票,2431,昌,TW0002431004,9/11/2000,上市,子零M件I,ESVUFR
股票,3454,晶睿,TW0003454005,7/22/2011,上市,光I,ESVUFR
股票,1110,|泥,TW0001110005,10/22/1994,上市,水泥工I,ESVUFR
股票,2460,建通,TW0002460003,9/17/2001,上市,子零M件I,ESVUFR
股票,2834,_企y,TW0002834009,1/3/1998,上市,金融保UI,ESVUFR
股票,1732,毛,TW0001732006,9/17/2001,上市,化W工I,ESVUFR
股票,5525,天,TW0005525000,11/26/2004,上市,建材I造I,ESVUFR
股票,2103,台橡,TW0002103009,9/25/1982,上市,橡z工I,ESVUFR
股票,2236,百_-KY,KYG693691092,6/3/2015,上市,CC械,ESVUFR
股票,3032,ビ,TW0003032009,8/26/2002,上市,子零M件I,ESVUFR
股票,3704,合勤控,TW0003704003,8/16/2010,上市,通信W路I,ESVUFR
股票,6226,光鼎,TW0006226004,11/10/2008,上市,光I,ESVUFR
股票,6116,彩晶,TW0006116007,9/6/2004,上市,光I,ESVUFR
股票,6133,金,TW0006133002,8/15/2003,上市,子零M件I,ESVUFR
股票,8261,富鼎,TW0008261009,12/11/2009,上市,半wI,ESVUFR
股票,3189,景T,TW0003189007,11/1/2004,上市,半wI,ESVUFR
股票,2633,台掣哞F,TW0002633005,10/27/2016,上市,航\I,ESVUFR
股票,2537,上l,TW0002537008,9/6/1996,上市,建材I造I,ESVUFR
股票,2520,冠德,TW0002520004,10/27/1993,上市,建材I造I,ESVUFR
股票,6120,_\,TW0006120009,9/13/2006,上市,光I,ESVUFR
股票,2832,台a,TW0002832003,9/30/1997,上市,金融保UI,ESVUFR
股票,5285,界霖,TW0005285001,2/25/2014,上市,半wI,ESVUFR
股票,6582,申S,TW0006582000,6/14/2017,上市,橡z工I,ESVUFR
股票,2033,佳大,TW0002033008,9/11/2000,上市,F工I,ESVUFR
股票,4725,信昌化,TW0004725007,10/2/2007,上市,化W工I,ESVUFR
股票,1312,,TW0001312007,12/21/1988,上市,塑z工I,ESVUFR
股票,3046,建,TW0003046009,8/26/2002,上市,X及LOI,ESVUFR
股票,2701,f企,TW0002701000,3/22/1965,上市,^光事I,ESVUFR
股票,3040,h,TW0003040002,8/26/2002,上市,其他I,ESVUFR
股票,1445,大宇,TW0001445005,2/5/1991,上市,wS,ESVUFR
股票,6108,,TW0006108004,12/30/2008,上市,子零M件I,ESVUFR
股票,3017,奇f,TW0003017000,9/27/2002,上市,X及LOI,ESVUFR
股票,6605,帝,TW0006605009,3/17/2004,上市,CC械,ESVUFR
股票,1436,A友,TW0001436004,4/11/1988,上市,建材I造I,ESVUFR
股票,2414,精技,TW0002414000,9/11/2000,上市,子通路I,ESVUFR
股票,2616,山隆,TW0002616000,11/8/1997,上市,油燃I,ESVUFR
股票,3545,敦泰,TW0003545000,7/3/2007,上市,半wI,ESVUFR
股票,2881,富邦金,TW0002881000,12/19/2001,上市,金融保UI,ESVUFR
股票,2449,京元子,TW0002449006,5/9/2001,上市,半wI,ESVUFR
股票,2501,建,TW0002501004,10/28/1967,上市,建材I造I,ESVUFR
股票,1538,正峰新,TW0001538007,8/26/2002,上市,CC械,ESVUFR
股票,1583,程泰,TW0001583003,1/24/2008,上市,CC械,ESVUFR
股票,2888,新光金,TW0002888005,2/19/2002,上市,金融保UI,ESVUFR
股票,4536,拓P,TW0004536008,10/9/2013,上市,其他I,ESVUFR
股票,3029,零壹,TW0003029005,8/26/2002,上市,Y服I,ESVUFR
股票,1516,川w,TW0001516003,4/1/1995,上市,其他I,ESVUFR
股票,1325,a大,TW0001325009,9/11/2000,上市,塑z工I,ESVUFR
股票,2607,s\,TW0002607009,12/14/1990,上市,航\I,ESVUFR
股票,2704,e,TW0002704004,11/10/1982,上市,^光事I,ESVUFR
股票,8996,高力,TW0008996000,2/14/2014,上市,CC械,ESVUFR
股票,1416,VS,TW0001416006,4/20/1976,上市,wS,ESVUFR
股票,1724,台硝,TW0001724003,3/30/1995,上市,化W工I,ESVUFR
股票,9930,中Y源,TW0009930008,11/22/1999,上市,其他I,ESVUFR
股票,2612,中航,TW0002612009,10/20/1994,上市,航\I,ESVUFR
股票,1905,A,TW0001905008,2/7/1975,上市,造工I,ESVUFR
股票,9925,新保,TW0009925008,12/9/1995,上市,其他I,ESVUFR
股票,2493,P博,TW0002493004,1/23/2002,上市,子零M件I,ESVUFR
股票,1231,A食,TW0001231009,11/2/1995,上市,食品工I,ESVUFR
股票,1612,宏泰,TW0001612000,5/8/1993,上市,器|,ESVUFR
股票,3050,德,TW0003050001,10/29/2002,上市,光I,ESVUFR
股票,8215,明基材,TW0008215005,11/12/2010,上市,光I,ESVUFR
股票,2344,A邦,TW0002344009,10/18/1995,上市,半wI,ESVUFR
股票,4722,精化,TW0004722004,8/15/2012,上市,化W工I,ESVUFR
股票,6415,矽力-KY,KYG8190F1028,12/12/2013,上市,半wI,ESVUFR
股票,2923,鼎固-KY,KYG8190L1095,12/7/2012,上市,建材I造I,ESVUFR
股票,2841,台_,TW0002841004,1/8/1999,上市,建材I造I,ESVUFR
股票,3705,永信,TW0003705000,1/3/2011,上市,生技tI,ESVUFR
股票,1733,五鼎,TW0001733004,9/17/2001,上市,生技tI,ESVUFR
股票,1519,A城,TW0001519007,4/16/1997,上市,CC械,ESVUFR
股票,8463,泰材,TW0008463001,7/13/2015,上市,建材I造I,ESVUFR
股票,4916,事欣科,TW0004916002,11/21/2013,上市,X及LOI,ESVUFR
股票,1309,台_化,TW0001309003,6/27/1986,上市,塑z工I,ESVUFR
股票,2108,南帝,TW0002108008,10/27/1992,上市,橡z工I,ESVUFR
股票,1810,和成,TW0001810000,10/14/1991,上市,玻璃陶瓷,ESVUFR
股票,6243,迅杰,TW0006243009,12/17/2009,上市,半wI,ESVUFR
股票,2712,h雄,TW0002712007,12/3/2013,上市,^光事I,ESVUFR
股票,3044,健鼎,TW0003044004,8/26/2002,上市,子零M件I,ESVUFR
股票,2338,光罩,TW0002338001,4/17/1995,上市,半wI,ESVUFR
股票,1413,宏洲,TW0001413003,12/23/1975,上市,wS,ESVUFR
股票,1906,隆,TW0001906006,4/26/1976,上市,造工I,ESVUFR
股票,6214,精\,TW0006214000,12/30/2010,上市,Y服I,ESVUFR
股票,9944,新,TW0009944009,8/26/2002,上市,其他I,ESVUFR
股票,3673,TPK-KY,KYG898431096,10/29/2010,上市,光I,ESVTFR
股票,3380,明泰,TW0003380002,12/20/2004,上市,通信W路I,ESVUFR
股票,2528,皇普,TW0002528007,3/10/1995,上市,建材I造I,ESVUFR
股票,5434,崇越,TW0005434005,8/25/2003,上市,子通路I,ESVUFR
股票,3034,,TW0003034005,8/26/2002,上市,半wI,ESVUFR
股票,2388,威盛,TW0002388006,3/5/1999,上市,半wI,ESVUFR
股票,1530,崴,TW0001530004,9/11/2000,上市,CC械,ESVUFR
股票,1504,|元,TW0001504009,11/5/1973,上市,CC械,ESVUFR
股票,6213,茂,TW0006213002,1/21/2008,上市,子零M件I,ESVUFR
股票,2012,春雨,TW0002012002,10/17/1991,上市,F工I,ESVUFR
股票,2603,Ls,TW0002603008,9/21/1987,上市,航\I,ESVUFR
股票,1725,元,TW0001725000,9/11/2000,上市,化W工I,ESVUFR
股票,2611,志信,TW0002611001,10/28/1993,上市,航\I,ESVUFR
股票,9902,台火,TW0009902007,7/14/1964,上市,其他I,ESVUFR
股票,8249,菱光,TW0008249004,5/17/2005,上市,子零M件I,ESVUFR
股票,9929,秋雨,TW0009929000,6/28/1999,上市,其他I,ESVUFR
股票,2495,普安,TW0002495009,3/25/2002,上市,其他子I,ESVUFR
股票,2417,A,TW0002417003,9/11/2000,上市,X及LOI,ESVUFR
股票,2448,晶,TW0002448008,5/25/2001,上市,光I,ESVUFR
股票,9912,ヂ,TW0009912006,8/8/1992,上市,X及LOI,ESVUFR
股票,3035,智原,TW0003035002,8/26/2002,上市,半wI,ESVUFR
股票,4545,,TW0004545009,1/6/2016,上市,子零M件I,ESVUFR
股票,1723,中碳,TW0001723005,11/27/1998,上市,化W工I,ESVUFR
股票,3257,虹冠,TW0003257002,3/21/2011,上市,半wI,ESVUFR
股票,3576,新日光,TW0003576005,1/12/2009,上市,光I,ESVUFR
股票,2409,友_,TW0002409000,9/8/2000,上市,光I,ESVUFR
股票,2329,A泰,TW0002329000,4/20/1994,上市,半wI,ESVUFR
股票,5515,建,TW0005515001,10/6/2003,上市,建材I造I,ESVUFR
股票,2489,瑞,TW0002489002,9/17/2001,上市,光I,ESVUFR
股票,2345,智邦,TW0002345006,11/15/1995,上市,通信W路I,ESVUFR
股票,2337,旺宏,TW0002337003,3/15/1995,上市,半wI,ESVUFR
股票,1470,大y染,TW0001470003,5/21/1999,上市,wS,ESVUFR
股票,2331,精英,TW0002331006,9/21/1994,上市,X及LOI,ESVUFR
股票,6225,天瀚,TW0006225006,9/27/2004,上市,光I,ESVUFR
股票,6412,群,TW0006412000,11/8/2013,上市,子零M件I,ESVUFR
股票,2530,A建,TW0002530003,10/12/1995,上市,建材I造I,ESVUFR
股票,2476,祥,TW0002476009,9/17/2001,上市,子零M件I,ESVUFR
股票,6283,淳安,TW0006283005,1/21/2008,上市,通信W路I,ESVUFR
股票,2062,虼,TW0002062007,11/16/2007,上市,其他I,ESVUFR
股票,3315,宣昶,TW0003315008,10/26/2006,上市,子通路I,ESVUFR
股票,3015,全h,TW0003015004,10/16/2002,上市,子零M件I,ESVUFR
股票,3036,文,TW0003036000,8/26/2002,上市,子通路I,ESVUFR
股票,2464,盟立,TW0002464005,9/17/2001,上市,其他子I,ESVUFR
股票,1402,h|新,TW0001402006,4/14/1967,上市,wS,ESVUFR
股票,2429,旺科,TW0002429008,9/11/2000,上市,子零M件I,ESVUFR
股票,8046,南,TW0008046004,4/7/2006,上市,子零M件I,ESVUFR
股票,1762,中化生,TW0001762003,12/20/2010,上市,生技tI,ESVUFR
股票,1308,聚,TW0001308005,6/20/1986,上市,塑z工I,ESVUFR
股票,3665,Q-KY,KYG114741062,4/21/2011,上市,其他子I,ESVUFR
股票,5607,h雄港,TW0005607006,12/2/2004,上市,航\I,ESVUFR
股票,2457,w宏,TW0002457009,9/17/2001,上市,子零M件I,ESVUFR
股票,9908,大台北,TW0009908004,2/6/1991,上市,油燃I,ESVUFR
股票,2434,y懋,TW0002434008,9/11/2000,上市,半wI,ESVUFR
股票,2889,票金,TW0002889003,3/26/2002,上市,金融保UI,ESVUFR
股票,1513,中d,TW0001513000,3/8/1994,上市,CC械,ESVUFR
股票,8488,吉源-KY,KYG5140K1085,12/13/2016,上市,其他I,ESVUFR
股票,3010,A立,TW0003010005,7/22/2002,上市,子通路I,ESVUFR
股票,1227,佳格,TW0001227007,4/9/1994,上市,食品工I,ESVUFR
股票,1805,,TW0001805000,10/20/1989,上市,建材I造I,ESVUFR
股票,2380,虹光,TW0002380003,12/3/1998,上市,X及LOI,ESVUFR
股票,3679,新至,TW0003679007,10/5/2011,上市,子零M件I,ESVUFR
股票,1439,中和,TW0001439008,5/22/1989,上市,wS,ESVUFR
股票,1736,躺,TW0001736007,1/9/2003,上市,生技tI,ESVUFR
股票,3559,全智科,TW0003559001,10/23/2008,上市,半wI,ESVUFR
股票,9924,福d,TW0009924001,3/15/1995,上市,其他I,ESVUFR
股票,6224,聚鼎,TW0006224009,9/17/2009,上市,子零M件I,ESVUFR
股票,3416,融程,TW0003416004,1/23/2015,上市,X及LOI,ESVUFR
股票,1219,福,TW0001219004,12/1/1990,上市,食品工I,ESVUFR
股票,2444,友旺,TW0002444007,12/8/2000,上市,通信W路I,ESVUFR
股票,1537,V隆,TW0001537009,1/22/2002,上市,CC械,ESVUFR
股票,2634,h翔,TW0002634003,8/25/2014,上市,航\I,ESVUFR
股票,3038,全台,TW0003038006,8/26/2002,上市,光I,ESVUFR
股票,2705,六福,TW0002705001,12/24/1988,上市,^光事I,ESVUFR
股票,1514,力,TW0001514008,3/26/1994,上市,CC械,ESVUFR
股票,6431,光-KY,KYG532651075,12/4/2014,上市,光I,ESVUFR
股票,2379,瑞昱,TW0002379005,10/26/1998,上市,半wI,ESVUFR
股票,6442,光},TW0006442007,7/14/2015,上市,通信W路I,ESVUFR
股票,1531,高林股,TW0001531002,9/11/2000,上市,CC械,ESVUFR
股票,2106,建大,TW0002106002,12/20/1990,上市,橡z工I,ESVUFR
股票,2850,新a,TW0002850005,5/22/2000,上市,金融保UI,ESVUFR
股票,2474,可成,TW0002474004,9/17/2001,上市,其他子I,ESVUFR
股票,2030,彰源,TW0002030004,12/24/1998,上市,F工I,ESVUFR
股票,1218,泰山,TW0001218006,11/11/1989,上市,食品工I,ESVUFR
股票,2491,吉祥全,TW0002491008,9/17/2001,上市,光I,ESVUFR
股票,1909,s成,TW0001909000,11/19/1985,上市,造工I,ESVUFR
股票,2332,友,TW0002332004,10/17/1994,上市,通信W路I,ESVUFR
股票,2206,三工I,TW0002206000,7/29/1996,上市,汽工I,ESVUFR
股票,1714,和桐,TW0001714004,8/30/1991,上市,化W工I,ESVUFR
股票,3060,,TW0003060000,4/21/2003,上市,X及LOI,ESVUFR
股票,6277,宏正,TW0006277007,10/30/2003,上市,X及LOI,ESVUFR
股票,1715,f洲,TW0001715001,12/28/1992,上市,塑z工I,ESVUFR
股票,3419,裕,TW0003419008,1/21/2008,上市,通信W路I,ESVUFR
股票,8201,o,TW0008201005,10/29/2007,上市,其他子I,ESVUFR
股票,2739,寒舍,TW0002739000,5/19/2016,上市,^光事I,ESVUFR
股票,3515,A擎,TW0003515003,11/8/2007,上市,X及LOI,ESVUFR
股票,2402,毅嘉,TW0002402005,1/14/2000,上市,子零M件I,ESVUFR
股票,1466,聚隆,TW0001466001,4/4/1998,上市,wS,ESVUFR
股票,2369,菱生,TW0002369006,4/10/1998,上市,半wI,ESVUFR
股票,9802,R-KY,KYG368891068,10/18/2012,上市,其他I,ESVUFR
股票,4952,凌通,TW0004952007,11/1/2011,上市,半wI,ESVUFR
股票,2838,邦y,TW0002838000,6/29/1998,上市,金融保UI,ESVUFR
股票,1440,南,TW0001440006,10/3/1989,上市,wS,ESVUFR
股票,2524,京城,TW0002524006,10/18/1994,上市,建材I造I,ESVUFR
股票,1776,展宇,TW0001776003,5/9/2016,上市,化W工I,ESVUFR
股票,8404,百和dI-KY,KYG684631016,5/18/2011,上市,其他I,ESVUFR
股票,3708,上投控,TW0003708004,8/31/2016,上市,化W工I,ESVUFR
股票,3048,益登,TW0003048005,10/1/2002,上市,子通路I,ESVUFR
股票,6285,⒊,TW0006285000,9/22/2003,上市,通信W路I,ESVUFR
股票,2436,ピ,TW0002436003,9/11/2000,上市,半wI,ESVUFR
股票,5225,|科-KY,KYG291021031,11/5/2012,上市,其他子I,ESVUFR
股票,2911,敕,TW0002911005,1/18/1997,上市,Q易百I,ESVUFR
股票,1468,昶和,TW0001468007,1/21/1999,上市,wS,ESVUFR
股票,2467,志},TW0002467008,9/17/2001,上市,子零M件I,ESVUFR
股票,8466,美-KY,KYG332481087,11/1/2016,上市,其他I,ESVUFR
股票,2904,RS,TW0002904000,1/5/1983,上市,其他I,ESVUFR
股票,8101,A冠,TW0008101007,7/1/2004,上市,通信W路I,ESVUFR
股票,2610,A航,TW0002610003,2/26/1993,上市,航\I,ESVUFR
股票,1434,福懋,TW0001434009,12/24/1985,上市,wS,ESVUFR
股票,8021,尖c,TW0008021007,1/21/2008,上市,其他子I,ESVUFR
股票,2466,冠西,TW0002466000,9/17/2001,上市,光I,ESVUFR
股票,1442,名,TW0001442002,11/16/1989,上市,建材I造I,ESVUFR
股票,2506,太O,TW0002506003,2/2/1980,上市,建材I造I,ESVUFR
股票,9918,欣天然,TW0009918003,4/26/1994,上市,油燃I,ESVUFR
股票,8473,山林水,TW0008473000,9/8/2016,上市,其他I,ESVUFR
股票,8033,雷虎,TW0008033002,6/21/2007,上市,其他I,ESVUFR
股票,2115,六-KY,KYG5700L1086,12/25/2013,上市,橡z工I,ESVUFR
股票,3607,谷崧,TW0003607008,10/28/2009,上市,子零M件I,ESVUFR
股票,1474,弘裕,TW0001474005,10/31/2000,上市,wS,ESVUFR
股票,2323,中h,TW0002323003,2/17/1992,上市,光I,ESVUFR
股票,2608,大s,TW0002608007,12/20/1990,上市,航\I,ESVUFR
股票,8480,泰N-KY,KYG8661F1028,1/17/2017,上市,其他I,ESVUFR
股票,2936,客思_-KY,KYG224031024,9/26/2016,上市,Q易百I,ESVUFR
股票,9904,成,TW0009904003,1/19/1990,上市,其他I,ESVUFR
股票,1535,中宇,TW0001535003,9/17/2001,上市,CC械,ESVUFR
股票,1558,伸d,TW0001558005,12/23/2014,上市,CC械,ESVUFR
股票,3338,泰T,TW0003338000,12/13/2013,上市,子零M件I,ESVUFR
股票,2542,d富l,TW0002542008,5/3/1999,上市,建材I造I,ESVUFR
股票,4984,科{-KY,KYG190621014,8/31/2011,上市,通信W路I,ESVUFR
股票,8103,瀚荃,TW0008103003,9/29/2009,上市,子零M件I,ESVUFR
股票,4144,康-KY,KYG2379A1094,10/5/2011,上市,生技tI,ESVUFR
股票,6164,Ad,TW0006164007,10/21/2008,上市,光I,ESVUFR
股票,2536,宏普,TW0002536000,3/14/1996,上市,建材I造I,ESVUFR
股票,2009,第一~,TW0002009008,10/20/1989,上市,F工I,ESVUFR
股票,1459,l,TW0001459006,10/26/1994,上市,wS,ESVUFR
股票,2543,皇昌,TW0002543006,10/15/1999,上市,建材I造I,ESVUFR
股票,2024,志,TW0002024007,12/30/1995,上市,F工I,ESVUFR
股票,8926,台汽,TW0008926007,8/25/2003,上市,油燃I,ESVUFR
股票,1315,_新,TW0001315000,5/9/1992,上市,塑z工I,ESVUFR
股票,2028,威致,TW0002028008,12/13/1996,上市,F工I,ESVUFR
股票,3231,,TW0003231007,8/19/2003,上市,X及LOI,ESVUFR
股票,1533,王,TW0001533008,4/6/2001,上市,CC械,ESVUFR
股票,2059,川湖,TW0002059003,6/25/2008,上市,子零M件I,ESVUFR
股票,2008,高d昌,TW0002008000,12/28/1988,上市,F工I,ESVUFR
股票,4956,光f,TW0004956008,10/24/2011,上市,光I,ESVUFR
股票,4164,承It,TW0004164009,10/24/2012,上市,生技tI,ESVUFR
股票,9931,欣高,TW0009931006,3/21/2000,上市,油燃I,ESVUFR
股票,1730,花仙子,TW0001730000,9/17/2001,上市,化W工I,ESVUFR
股票,3052,獾,TW0003052007,11/25/1995,上市,建材I造I,ESVUFR
股票,2636,台,TW0002636008,12/22/2016,上市,航\I,ESVUFR
股票,8442,威宏-KY,KYG981151015,11/8/2016,上市,其他I,ESVUFR
股票,2443,新利虹,TW0002443009,1/3/2001,上市,子零M件I,ESVUFR
股票,4919,新唐,TW0004919006,9/27/2010,上市,半wI,ESVUFR
股票,2049,上y,TW0002049004,6/26/2009,上市,CC械,ESVUFR
股票,3305,NQ,TW0003305009,7/10/2008,上市,其他子I,ESVUFR
股票,3605,宏致,TW0003605002,3/26/2009,上市,子零M件I,ESVUFR
股票,2340,光磊,TW0002340007,5/2/1995,上市,光I,ESVUFR
股票,4912,德控股-KY,KYG545091079,5/21/2015,上市,子零M件I,ESVUFR
股票,1210,大成,TW0001210003,5/20/1978,上市,食品工I,ESVUFR
股票,8011,台通,TW0008011008,9/19/2011,上市,通信W路I,ESVUFR
股票,6449,邦,TW0006449002,12/9/2014,上市,子零M件I,ESVUFR
股票,5538,|明-KY,KYG8919A1031,12/16/2013,上市,F工I,ESVUFR
股票,5907,大洋-KY,KYG4064G1029,6/6/2012,上市,Q易百I,ESVUFR
股票,4994,髌,TW0004994009,12/25/2013,上市,Y服I,ESVUFR
股票,1598,岱宇,TW0001598001,9/20/2016,上市,生技tI,ESVUFR
股票,5203,B,TW0005203004,9/27/2004,上市,Y服I,ESVUFR
股票,2330,台e,TW0002330008,9/5/1994,上市,半wI,ESVUFR
股票,9928,中,TW0009928002,8/9/1999,上市,其他I,ESVUFR
股票,6005,群益C,TW0006005002,11/21/2005,上市,金融保UI,ESVUFR
股票,6477,安集,TW0006477003,6/21/2016,上市,光I,ESVUFR
股票,3042,晶技,TW0003042008,8/26/2002,上市,子零M件I,ESVUFR
股票,1438,裕S,TW0001438000,12/15/1988,上市,建材I造I,ESVUFR
股票,3432,台端,TW0003432001,12/30/2010,上市,子零M件I,ESVUFR
股票,2509,全坤建,TW0002509007,5/20/1988,上市,建材I造I,ESVUFR
股票,2485,兆赫,TW0002485000,9/17/2001,上市,通信W路I,ESVUFR
股票,9940,信x,TW0009940007,9/17/2001,上市,其他I,ESVUFR
股票,3504,P明光,TW0003504007,1/26/2007,上市,光I,ESVUFR
股票,1225,福懋油,TW0001225001,9/27/1993,上市,食品工I,ESVUFR
股票,1475,本盟,TW0001475002,10/27/2000,上市,wS,ESVUFR
股票,8114,振咫,TW0008114000,11/26/2012,上市,X及LOI,ESVUFR
股票,8213,志超,TW0008213000,12/25/2009,上市,子零M件I,ESVUFR
股票,6215,和椿,TW0006215007,12/31/2007,上市,其他子I,ESVUFR
股票,1802,台玻,TW0001802007,7/20/1973,上市,玻璃陶瓷,ESVUFR
股票,1307,三芳,TW0001307007,11/23/1985,上市,塑z工I,ESVUFR
股票,1617,s星,TW0001617009,9/11/2000,上市,器|,ESVUFR
股票,6251,定f,TW0006251002,3/18/2009,上市,子零M件I,ESVUFR
股票,2349,n德,TW0002349008,4/23/1996,上市,光I,ESVUFR
股票,3005,神基,TW0003005005,2/25/2002,上市,X及LOI,ESVUFR
股票,2816,旺旺保,TW0002816006,5/5/1992,上市,金融保UI,ESVUFR
股票,1217,壑味,TW0001217008,10/28/1989,上市,食品工I,ESVUFR
股票,2748,品,TW0002748001,11/23/2016,上市,^光事I,ESVUFR
股票,3583,辛耘,TW0003583001,3/12/2013,上市,半wI,ESVUFR
股票,9910,S泰,TW0009910000,2/18/1992,上市,其他I,ESVUFR
股票,2836,高雄y,TW0002836004,5/18/1998,上市,金融保UI,ESVUFR
股票,2497,怡利,TW0002497005,2/4/2002,上市,其他子I,ESVUFR
股票,6192,巨路,TW0006192008,9/27/2004,上市,其他子I,ESVUFR
股票,1507,永大,TW0001507002,11/9/1989,上市,CC械,ESVUFR
股票,3028,增你,TW0003028007,8/26/2002,上市,子通路I,ESVUFR
股票,2514,邦,TW0002514007,9/26/1992,上市,其他I,ESVUFR
股票,2727,王品,TW0002727005,3/6/2012,上市,^光事I,ESVUFR
股票,9933,中鼎,TW0009933002,5/28/1993,上市,其他I,ESVUFR
股票,1615,大山,TW0001615003,3/30/2000,上市,器|,ESVUFR
股票,2102,泰S,TW0002102001,7/16/1979,上市,橡z工I,ESVUFR
股票,2606,裕民,TW0002606001,12/8/1990,上市,航\I,ESVUFR
股票,9917,中保,TW0009917005,12/8/1993,上市,其他I,ESVUFR
股票,1449,佳和,TW0001449007,3/12/1992,上市,wS,ESVUFR
股票,2820,A票,TW0002820008,10/26/1994,上市,金融保UI,ESVUFR
股票,2013,中,TW0002013000,1/21/1992,上市,F工I,ESVUFR
股票,2356,英I_,TW0002356003,11/13/1996,上市,X及LOI,ESVUFR
股票,2421,建,TW0002421005,9/11/2000,上市,子零M件I,ESVUFR
股票,2540,凵搅,TW0002540002,12/26/1989,上市,建材I造I,ESVUFR
股票,6153,嘉益,TW0006153000,1/21/2008,上市,子零M件I,ESVUFR
股票,2404,h唐,TW0002404001,3/14/2000,上市,其他子I,ESVUFR
股票,2007,钆d,TW0002007002,10/4/1988,上市,F工I,ESVUFR
股票,1314,中石化,TW0001314003,7/12/1991,上市,塑z工I,ESVUFR
股票,2915,泰全,TW0002915006,7/20/1977,上市,Q易百I,ESVUFR
股票,1305,A夏,TW0001305001,3/5/1973,上市,塑z工I,ESVUFR
股票,2427,三商,TW0002427002,9/11/2000,上市,Y服I,ESVUFR
股票,6505,台塑化,TW0006505001,12/26/2003,上市,油燃I,ESVUFR
股票,3003,健和d,TW0003003000,2/19/2002,上市,子零M件I,ESVUFR
股票,6172,互|,TW0006172000,5/24/2004,上市,X及LOI,ESVUFR
股票,2031,新光,TW0002031002,9/11/2000,上市,F工I,ESVUFR
股票,6166,凌A,TW0006166002,11/8/2004,上市,X及LOI,ESVUFR
股票,3167,大量,TW0003167003,10/21/2013,上市,CC械,ESVUFR
股票,2617,台航,TW0002617008,6/24/1998,上市,航\I,ESVUFR
股票,4438,V越,TW0004438007,10/18/2016,上市,wS,ESVUFR
股票,9905,大A,TW0009905000,8/8/1990,上市,其他I,ESVUFR
股票,1233,天仁,TW0001233005,1/20/1999,上市,食品工I,ESVUFR
股票,4930,N星W,TW0004930003,6/21/2010,上市,器|,ESVUFR
股票,1339,昭x,TW0001339000,4/24/2012,上市,塑z工I,ESVUFR
股票,1720,生_,TW0001720001,12/12/1995,上市,生技tI,ESVUFR
股票,3532,台倏,TW0003532008,12/10/2007,上市,半wI,ESVUFR
股票,3661,世芯-KY,KYG022421088,12/23/2010,上市,半wI,ESVUFR
股票,2312,金,TW0002312006,11/7/1989,上市,其他子I,ESVUFR
股票,1304,台聚,TW0001304004,5/20/1972,上市,塑z工I,ESVUFR
股票,1582,信\,TW0001582005,12/17/2009,上市,子零M件I,ESVUFR
股票,1727,中A化,TW0001727006,9/11/2000,上市,化W工I,ESVUFR
股票,2905,三商,TW0002905007,9/19/1988,上市,Q易百I,ESVUFR
股票,2478,大毅,TW0002478005,9/17/2001,上市,子零M件I,ESVUFR
股票,8481,政伸,TW0008481003,2/24/2017,上市,其他I,ESVUFR
股票,2352,佳世_,TW0002352002,7/22/1996,上市,X及LOI,ESVUFR
股票,4414,如d,TW0004414008,9/6/2004,上市,wS,ESVUFR
股票,8105,凌巨,TW0008105008,12/27/2006,上市,光I,ESVUFR
股票,2706,第一店,TW0002706009,6/25/1991,上市,^光事I,ESVUFR
